<application>
  <component name="LocalDatabaseDriverManager" version="201">
    <driver id="sqlserver.ms">
      <artifact id="SQL Server" name="SQL Server" use="true" version="9.2.0" />
    </driver>
    <driver id="azure.ms">
      <artifact id="SQL Server" name="SQL Server" use="true" version="11.2.1" />
    </driver>
    <driver id="postgresql">
      <artifact id="PostgreSQL" name="PostgreSQL" use="true" version="42.6.0" />
    </driver>
    <driver id="snowflake">
      <artifact id="Snowflake" name="Snowflake" use="true" version="3.13.27" />
      <artifact id="jna-platform" name="jna-platform" use="true" version="5.8.0" />
    </driver>
    <driver id="java.sql.Driver" name="User Driver" driver-class="java.sql.Driver" />
  </component>
</application>