<application>
  <component name="FindSettings">
    <option name="customScope" value="All Places" />
    <option name="defaultScopeName" value="All Places" />
    <option name="showResultsInSeparateView" value="true" />
    <option name="SHOW_RESULTS_IN_SEPARATE_VIEW" value="true" />
    <option name="SEARCH_SCOPE" value="All Places" />
    <mask>*.css</mask>
    <mask>*.html</mask>
    <mask>*.xml</mask>
    <mask>*.jsp</mask>
    <mask>*.properties</mask>
    <mask>*.java</mask>
    <mask>test.ts</mask>
    <mask>*.tsx</mask>
    <mask>*.ts,*.tsx</mask>
    <mask>*.test.ts</mask>
    <mask>*.yml</mask>
    <mask>package.json</mask>
    <mask>*.ts</mask>
    <mask>package-lock.json</mask>
  </component>
</application>