<application>
  <component name="GraziConfig">
    <option name="enabledLanguages">
      <set>
        <option value="English (GB)" />
      </set>
    </option>
    <option name="userDisabledRules">
      <set>
        <option value="LanguageTool.EN.ZIP_CODE_POSTCODE" />
        <option value="LanguageTool.EN.LUNCH_ROOM" />
        <option value="LanguageTool.EN.APARTMENT-FLAT" />
        <option value="LanguageTool.EN.LICENCE_LICENSE_NOUN_PLURAL" />
        <option value="LanguageTool.EN.ANYMORE" />
        <option value="LanguageTool.EN.EGGPLANT" />
        <option value="LanguageTool.EN.GOT_GOTTEN" />
        <option value="LanguageTool.EN.OXFORD_SPELLING_Z_NOT_S" />
        <option value="LanguageTool.EN.DRIVERS_LICENSE" />
        <option value="LanguageTool.EN.GROUND_VS_MINCED" />
        <option value="LanguageTool.EN.TAKE_A_BATH" />
        <option value="LanguageTool.EN.LICENCE_LICENSE_NOUN_SINGULAR" />
        <option value="LanguageTool.EN.OK" />
        <option value="LanguageTool.EN.BAND-AID_PLASTER" />
        <option value="LanguageTool.EN.MOVIE_THEATER_CINEMA" />
        <option value="LanguageTool.EN.OXFORD_SPELLING_GRAM" />
        <option value="LanguageTool.EN.TRUNK_BOOT" />
        <option value="LanguageTool.EN.SI_UNITS_OF_MEASUREMENT_ADJECTIVES_AME" />
        <option value="LanguageTool.EN.AIR_PLANE_AEROPLANE" />
      </set>
    </option>
  </component>
</application>