<application>
  <component name="GeneralSettings">
    <option name="confirmExit" value="false" />
    <option name="confirmOpenNewProject2" value="0" />
    <option name="showTipsOnStartup" value="false" />
  </component>
  <component name="Registry">
    <entry key="ide.max.recent.projects" value="10" />
  </component>
  <component name="StatusBar">
    <option name="widgets">
      <map>
        <entry key="FlowJSInfo" value="false" />
        <entry key="Memory" value="true" />
      </map>
    </option>
  </component>
</application>