<application>
  <component name="ActionMacroManager">
    <macro name="Fix">
      <action id="Replace" />
      <action id="EditorPaste" />
      <action id="EditorLineStart" />
      <action id="EditorLineEndWithSelection" />
      <shortuct text="DELETE" />
      <typing text-keycode="83:0;76:0;83:0;513:1;83:0;84:0;65:0;71:0;69:0">sls:stage</typing>
      <action id="EditorEscape" />
      <action id="Replace" />
      <typing text-keycode="81:1;85:0;69:0;85:0;69:0;78:1;65:0;77:0;69:0;513:1;32:0">QueueName:&amp;#x20;</typing>
      <shortuct text="TAB" />
      <typing text-keycode="81:1;85:0;69:0;78:0;69:0">Quene</typing>
      <action id="EditorBackSpace" />
      <action id="EditorBackSpace" />
      <typing text-keycode="69:0">e</typing>
      <action id="EditorBackSpace" />
      <typing text-keycode="85:0;69:0;78:1;65:0;77:0;69:0;513:1;32:1">ueName:&amp;#x20;</typing>
      <action id="EditorPaste" />
    </macro>
  </component>
</application>