<keymap version="1" name="Joffs" parent="Mac OS X 10.5+">
  <action id="ActivateCommitToolWindow">
    <keyboard-shortcut first-keystroke="meta 4" />
  </action>
  <action id="Back">
    <keyboard-shortcut first-keystroke="meta open_bracket" />
    <mouse-shortcut keystroke="button4" />
  </action>
  <action id="ChangesView.UnshelveSilently" />
  <action id="CloseProject">
    <keyboard-shortcut first-keystroke="shift meta w" />
  </action>
  <action id="CommentByBlockComment">
    <keyboard-shortcut first-keystroke="meta alt slash" />
    <keyboard-shortcut first-keystroke="meta alt divide" />
    <keyboard-shortcut first-keystroke="shift ctrl divide" />
    <keyboard-shortcut first-keystroke="shift meta divide" />
    <keyboard-shortcut first-keystroke="shift meta divide" />
  </action>
  <action id="Console.TableResult.SetDefault" />
  <action id="CopyPaths">
    <keyboard-shortcut first-keystroke="shift ctrl c" />
  </action>
  <action id="CopyReferencePopup">
    <keyboard-shortcut first-keystroke="shift meta c" />
  </action>
  <action id="CopyReferencePopupGroup">
    <keyboard-shortcut first-keystroke="shift meta c" />
  </action>
  <action id="DatabaseView.CopyDdlAction">
    <keyboard-shortcut first-keystroke="shift meta alt g" />
  </action>
  <action id="DecrementWindowWidth" />
  <action id="Diff.NextChange">
    <keyboard-shortcut first-keystroke="meta alt right" />
  </action>
  <action id="Diff.PrevChange">
    <keyboard-shortcut first-keystroke="meta alt left" />
  </action>
  <action id="EditorCopy">
    <keyboard-shortcut first-keystroke="meta c" />
  </action>
  <action id="EditorDecreaseFontSize">
    <keyboard-shortcut first-keystroke="ctrl alt minus" />
  </action>
  <action id="EditorIncreaseFontSize">
    <keyboard-shortcut first-keystroke="ctrl alt equals" />
  </action>
  <action id="EditorResetFontSize">
    <keyboard-shortcut first-keystroke="ctrl alt 0" />
  </action>
  <action id="EditorSelectWord">
    <keyboard-shortcut first-keystroke="ctrl w" />
  </action>
  <action id="EditorToggleInsertState">
    <keyboard-shortcut first-keystroke="meta 0" />
  </action>
  <action id="EditorUnSelectWord">
    <keyboard-shortcut first-keystroke="shift ctrl w" />
  </action>
  <action id="EditorUp">
    <keyboard-shortcut first-keystroke="up" />
  </action>
  <action id="FileChooser.TogglePathShowing" />
  <action id="Forward">
    <keyboard-shortcut first-keystroke="meta close_bracket" />
    <mouse-shortcut keystroke="button5" />
  </action>
  <action id="FrameSwitchAction">
    <keyboard-shortcut first-keystroke="shift alt back_quote" />
    <keyboard-shortcut first-keystroke="shift ctrl back_quote" />
  </action>
  <action id="Git.ResolveConflicts">
    <keyboard-shortcut first-keystroke="ctrl meta m" />
  </action>
  <action id="Graph.ZoomIn" />
  <action id="Graph.ZoomOut" />
  <action id="HippieBackwardCompletion" />
  <action id="HippieCompletion" />
  <action id="IncrementWindowWidth" />
  <action id="InsertRubyInjection">
    <keyboard-shortcut first-keystroke="shift meta comma" />
  </action>
  <action id="Macro.jointwice">
    <keyboard-shortcut first-keystroke="meta alt end" />
  </action>
  <action id="MethodDown" />
  <action id="MoveEditorToOppositeTabGroup">
    <keyboard-shortcut first-keystroke="ctrl alt period" />
    <keyboard-shortcut first-keystroke="ctrl alt comma" />
  </action>
  <action id="MoveTabDown">
    <keyboard-shortcut first-keystroke="ctrl meta alt back_slash" />
  </action>
  <action id="MoveTabRight">
    <keyboard-shortcut first-keystroke="ctrl alt back_slash" />
  </action>
  <action id="NextTab">
    <keyboard-shortcut first-keystroke="meta alt right" />
  </action>
  <action id="ParameterInfo">
    <keyboard-shortcut first-keystroke="ctrl p" />
  </action>
  <action id="PreviousTab">
    <keyboard-shortcut first-keystroke="meta alt left" />
  </action>
  <action id="ResizeToolWindowDown">
    <keyboard-shortcut first-keystroke="shift ctrl meta down" />
  </action>
  <action id="ResizeToolWindowLeft">
    <keyboard-shortcut first-keystroke="shift ctrl meta left" />
  </action>
  <action id="ResizeToolWindowRight">
    <keyboard-shortcut first-keystroke="shift ctrl meta right" />
  </action>
  <action id="ResizeToolWindowUp">
    <keyboard-shortcut first-keystroke="shift ctrl meta up" />
  </action>
  <action id="SearchEverywhere">
    <keyboard-shortcut first-keystroke="meta p" />
  </action>
  <action id="ShowContent" />
  <action id="ShowUmlDiagramPopup" />
  <action id="SplitVertically">
    <keyboard-shortcut first-keystroke="shift ctrl back_slash" />
  </action>
  <action id="SwitchApply">
    <keyboard-shortcut first-keystroke="ctrl alt enter" />
  </action>
  <action id="SwitchDown">
    <keyboard-shortcut first-keystroke="ctrl alt down" />
  </action>
  <action id="SwitchLeft">
    <keyboard-shortcut first-keystroke="ctrl alt left" />
  </action>
  <action id="SwitchRight">
    <keyboard-shortcut first-keystroke="ctrl alt right" />
  </action>
  <action id="SwitchUp">
    <keyboard-shortcut first-keystroke="ctrl alt up" />
  </action>
  <action id="ToggleCamelSnakeCase">
    <keyboard-shortcut first-keystroke="meta alt u" />
  </action>
  <action id="ToggleInlineHintsAction">
    <keyboard-shortcut first-keystroke="shift ctrl h" />
  </action>
  <action id="Vcs.UpdateProject" />
  <action id="XDebugger.CopyValue">
    <keyboard-shortcut first-keystroke="meta c" />
  </action>
  <action id="context.load">
    <keyboard-shortcut first-keystroke="ctrl meta alt c" />
  </action>
  <action id="org.intellij.plugins.markdown.ui.actions.editorLayout.CyclicSplitLayoutChangeAction" />
</keymap>