<code_scheme name="Default" version="173">
  <option name="RIGHT_MARGIN" value="220" />
  <option name="WRAP_WHEN_TYPING_REACHES_RIGHT_MARGIN" value="true" />
  <PostgresCodeStyleSettings version="6">
    <option name="USE_GENERAL_STYLE" value="false" />
    <option name="INSERT_VALUES_EL_LINE" value="101" />
  </PostgresCodeStyleSettings>
  <SqlCodeStyleSettings version="6">
    <option name="KEYWORD_CASE" value="2" />
    <option name="TYPE_CASE" value="2" />
    <option name="BUILT_IN_CASE" value="2" />
  </SqlCodeStyleSettings>
</code_scheme>